AssessmentKey,Purpose,Year,StockDescription,ICES_Areas,SpeciesName,Report,RecruitmentDescription,StockSizeDescription,StockSizeUnits,CatchesLandingsUnits,Landings,FishingPressureDescription,Published,Custom1,CustomName1,CustomUnits1,Custom2,CustomName2,CustomUnits2,Custom3,CustomName3,CustomUnits3,StockKeyLabel,StockDatabaseID,StockKey,AssessmentYear,CustomRefPointName1,CustomRefPointName2,CustomRefPointName3,CustomRefPointName4,CustomRefPointName5
18292,Advice,1988,Portuguese dogfish (Centroscymnus coelolepis. Centrophorus squamosus) in subareas 1–10. 12. and 14 (Northeast Atlantic and adjacent waters),27.1.a ~ 27.1.b ~ 27.10.a.1 ~ 27.10.a.2 ~ 27.10.b ~ 27.12.a.1 ~ 27.12.a.2 ~ 27.12.a.3 ~ 27.12.a.4 ~ 27.12.b ~ 27.12.c ~ 27.14.a ~ 27.14.b.1 ~ 27.14.b.2 ~ 27.2.a.1 ~ 27.2.a.2 ~ 27.2.b.1 ~ 27.2.b.2 ~ 27.3.a ~ 27.3.b.23 ~ 27.3.c.22 ~ 27.3.d.24 ~ 27.3.d.25 ~ 27.3.d.26 ~ 27.3.d.27 ~ 27.3.d.28.1 ~ 27.3.d.28.2 ~ 27.3.d.29 ~ 27.3.d.30 ~ 27.3.d.31 ~ 27.3.d.32 ~ 27.4.a ~ 27.4.b ~ 27.4.c ~ 27.5.a.1 ~ 27.5.a.2 ~ 27.5.b.1.a ~ 27.5.b.1.b ~ 27.5.b.2 ~ 27.6.a ~ 27.6.b.1 ~ 27.6.b.2 ~ 27.7.a ~ 27.7.b ~ 27.7.c.1 ~ 27.7.c.2 ~ 27.7.d ~ 27.7.e ~ 27.7.f ~ 27.7.g ~ 27.7.h ~ 27.7.j.1 ~ 27.7.j.2 ~ 27.7.k.1 ~ 27.7.k.2 ~ 27.8.a ~ 27.8.b ~ 27.8.c ~ 27.8.d.1 ~ 27.8.d.2 ~ 27.8.e.1 ~ 27.8.e.2 ~ 27.9.a ~ 27.9.b.1 ~ 27.9.b.2,Centroscymnus coelolepis,https://doi.org/10.17895/ices.advice.21856623.v1,Recruitment,SSB,tonnes,tonnes,        NA,F,True,  560.0,Combined landings,t,        NA,Leafscale gulper shark,t,        NA,Portuguese dogfish,t,cyo.27.nea,3367,169091,2023,custom1,custom2,custom3,custom4,custom5
18292,Advice,1989,Portuguese dogfish (Centroscymnus coelolepis. Centrophorus squamosus) in subareas 1–10. 12. and 14 (Northeast Atlantic and adjacent waters),27.1.a ~ 27.1.b ~ 27.10.a.1 ~ 27.10.a.2 ~ 27.10.b ~ 27.12.a.1 ~ 27.12.a.2 ~ 27.12.a.3 ~ 27.12.a.4 ~ 27.12.b ~ 27.12.c ~ 27.14.a ~ 27.14.b.1 ~ 27.14.b.2 ~ 27.2.a.1 ~ 27.2.a.2 ~ 27.2.b.1 ~ 27.2.b.2 ~ 27.3.a ~ 27.3.b.23 ~ 27.3.c.22 ~ 27.3.d.24 ~ 27.3.d.25 ~ 27.3.d.26 ~ 27.3.d.27 ~ 27.3.d.28.1 ~ 27.3.d.28.2 ~ 27.3.d.29 ~ 27.3.d.30 ~ 27.3.d.31 ~ 27.3.d.32 ~ 27.4.a ~ 27.4.b ~ 27.4.c ~ 27.5.a.1 ~ 27.5.a.2 ~ 27.5.b.1.a ~ 27.5.b.1.b ~ 27.5.b.2 ~ 27.6.a ~ 27.6.b.1 ~ 27.6.b.2 ~ 27.7.a ~ 27.7.b ~ 27.7.c.1 ~ 27.7.c.2 ~ 27.7.d ~ 27.7.e ~ 27.7.f ~ 27.7.g ~ 27.7.h ~ 27.7.j.1 ~ 27.7.j.2 ~ 27.7.k.1 ~ 27.7.k.2 ~ 27.8.a ~ 27.8.b ~ 27.8.c ~ 27.8.d.1 ~ 27.8.d.2 ~ 27.8.e.1 ~ 27.8.e.2 ~ 27.9.a ~ 27.9.b.1 ~ 27.9.b.2,Centroscymnus coelolepis,https://doi.org/10.17895/ices.advice.21856623.v1,Recruitment,SSB,tonnes,tonnes,        NA,F,True,  527.0,Combined landings,t,        NA,Leafscale gulper shark,t,        NA,Portuguese dogfish,t,cyo.27.nea,3367,169091,2023,custom1,custom2,custom3,custom4,custom5
18292,Advice,1990,Portuguese dogfish (Centroscymnus coelolepis. Centrophorus squamosus) in subareas 1–10. 12. and 14 (Northeast Atlantic and adjacent waters),27.1.a ~ 27.1.b ~ 27.10.a.1 ~ 27.10.a.2 ~ 27.10.b ~ 27.12.a.1 ~ 27.12.a.2 ~ 27.12.a.3 ~ 27.12.a.4 ~ 27.12.b ~ 27.12.c ~ 27.14.a ~ 27.14.b.1 ~ 27.14.b.2 ~ 27.2.a.1 ~ 27.2.a.2 ~ 27.2.b.1 ~ 27.2.b.2 ~ 27.3.a ~ 27.3.b.23 ~ 27.3.c.22 ~ 27.3.d.24 ~ 27.3.d.25 ~ 27.3.d.26 ~ 27.3.d.27 ~ 27.3.d.28.1 ~ 27.3.d.28.2 ~ 27.3.d.29 ~ 27.3.d.30 ~ 27.3.d.31 ~ 27.3.d.32 ~ 27.4.a ~ 27.4.b ~ 27.4.c ~ 27.5.a.1 ~ 27.5.a.2 ~ 27.5.b.1.a ~ 27.5.b.1.b ~ 27.5.b.2 ~ 27.6.a ~ 27.6.b.1 ~ 27.6.b.2 ~ 27.7.a ~ 27.7.b ~ 27.7.c.1 ~ 27.7.c.2 ~ 27.7.d ~ 27.7.e ~ 27.7.f ~ 27.7.g ~ 27.7.h ~ 27.7.j.1 ~ 27.7.j.2 ~ 27.7.k.1 ~ 27.7.k.2 ~ 27.8.a ~ 27.8.b ~ 27.8.c ~ 27.8.d.1 ~ 27.8.d.2 ~ 27.8.e.1 ~ 27.8.e.2 ~ 27.9.a ~ 27.9.b.1 ~ 27.9.b.2,Centroscymnus coelolepis,https://doi.org/10.17895/ices.advice.21856623.v1,Recruitment,SSB,tonnes,tonnes,        NA,F,True,  635.0,Combined landings,t,        NA,Leafscale gulper shark,t,        NA,Portuguese dogfish,t,cyo.27.nea,3367,169091,2023,custom1,custom2,custom3,custom4,custom5
18292,Advice,1991,Portuguese dogfish (Centroscymnus coelolepis. Centrophorus squamosus) in subareas 1–10. 12. and 14 (Northeast Atlantic and adjacent waters),27.1.a ~ 27.1.b ~ 27.10.a.1 ~ 27.10.a.2 ~ 27.10.b ~ 27.12.a.1 ~ 27.12.a.2 ~ 27.12.a.3 ~ 27.12.a.4 ~ 27.12.b ~ 27.12.c ~ 27.14.a ~ 27.14.b.1 ~ 27.14.b.2 ~ 27.2.a.1 ~ 27.2.a.2 ~ 27.2.b.1 ~ 27.2.b.2 ~ 27.3.a ~ 27.3.b.23 ~ 27.3.c.22 ~ 27.3.d.24 ~ 27.3.d.25 ~ 27.3.d.26 ~ 27.3.d.27 ~ 27.3.d.28.1 ~ 27.3.d.28.2 ~ 27.3.d.29 ~ 27.3.d.30 ~ 27.3.d.31 ~ 27.3.d.32 ~ 27.4.a ~ 27.4.b ~ 27.4.c ~ 27.5.a.1 ~ 27.5.a.2 ~ 27.5.b.1.a ~ 27.5.b.1.b ~ 27.5.b.2 ~ 27.6.a ~ 27.6.b.1 ~ 27.6.b.2 ~ 27.7.a ~ 27.7.b ~ 27.7.c.1 ~ 27.7.c.2 ~ 27.7.d ~ 27.7.e ~ 27.7.f ~ 27.7.g ~ 27.7.h ~ 27.7.j.1 ~ 27.7.j.2 ~ 27.7.k.1 ~ 27.7.k.2 ~ 27.8.a ~ 27.8.b ~ 27.8.c ~ 27.8.d.1 ~ 27.8.d.2 ~ 27.8.e.1 ~ 27.8.e.2 ~ 27.9.a ~ 27.9.b.1 ~ 27.9.b.2,Centroscymnus coelolepis,https://doi.org/10.17895/ices.advice.21856623.v1,Recruitment,SSB,tonnes,tonnes,        NA,F,True, 2509.0,Combined landings,t,        NA,Leafscale gulper shark,t,        NA,Portuguese dogfish,t,cyo.27.nea,3367,169091,2023,custom1,custom2,custom3,custom4,custom5
18292,Advice,1992,Portuguese dogfish (Centroscymnus coelolepis. Centrophorus squamosus) in subareas 1–10. 12. and 14 (Northeast Atlantic and adjacent waters),27.1.a ~ 27.1.b ~ 27.10.a.1 ~ 27.10.a.2 ~ 27.10.b ~ 27.12.a.1 ~ 27.12.a.2 ~ 27.12.a.3 ~ 27.12.a.4 ~ 27.12.b ~ 27.12.c ~ 27.14.a ~ 27.14.b.1 ~ 27.14.b.2 ~ 27.2.a.1 ~ 27.2.a.2 ~ 27.2.b.1 ~ 27.2.b.2 ~ 27.3.a ~ 27.3.b.23 ~ 27.3.c.22 ~ 27.3.d.24 ~ 27.3.d.25 ~ 27.3.d.26 ~ 27.3.d.27 ~ 27.3.d.28.1 ~ 27.3.d.28.2 ~ 27.3.d.29 ~ 27.3.d.30 ~ 27.3.d.31 ~ 27.3.d.32 ~ 27.4.a ~ 27.4.b ~ 27.4.c ~ 27.5.a.1 ~ 27.5.a.2 ~ 27.5.b.1.a ~ 27.5.b.1.b ~ 27.5.b.2 ~ 27.6.a ~ 27.6.b.1 ~ 27.6.b.2 ~ 27.7.a ~ 27.7.b ~ 27.7.c.1 ~ 27.7.c.2 ~ 27.7.d ~ 27.7.e ~ 27.7.f ~ 27.7.g ~ 27.7.h ~ 27.7.j.1 ~ 27.7.j.2 ~ 27.7.k.1 ~ 27.7.k.2 ~ 27.8.a ~ 27.8.b ~ 27.8.c ~ 27.8.d.1 ~ 27.8.d.2 ~ 27.8.e.1 ~ 27.8.e.2 ~ 27.9.a ~ 27.9.b.1 ~ 27.9.b.2,Centroscymnus coelolepis,https://doi.org/10.17895/ices.advice.21856623.v1,Recruitment,SSB,tonnes,tonnes,        NA,F,True, 4626.0,Combined landings,t,        NA,Leafscale gulper shark,t,        NA,Portuguese dogfish,t,cyo.27.nea,3367,169091,2023,custom1,custom2,custom3,custom4,custom5
18292,Advice,1993,Portuguese dogfish (Centroscymnus coelolepis. Centrophorus squamosus) in subareas 1–10. 12. and 14 (Northeast Atlantic and adjacent waters),27.1.a ~ 27.1.b ~ 27.10.a.1 ~ 27.10.a.2 ~ 27.10.b ~ 27.12.a.1 ~ 27.12.a.2 ~ 27.12.a.3 ~ 27.12.a.4 ~ 27.12.b ~ 27.12.c ~ 27.14.a ~ 27.14.b.1 ~ 27.14.b.2 ~ 27.2.a.1 ~ 27.2.a.2 ~ 27.2.b.1 ~ 27.2.b.2 ~ 27.3.a ~ 27.3.b.23 ~ 27.3.c.22 ~ 27.3.d.24 ~ 27.3.d.25 ~ 27.3.d.26 ~ 27.3.d.27 ~ 27.3.d.28.1 ~ 27.3.d.28.2 ~ 27.3.d.29 ~ 27.3.d.30 ~ 27.3.d.31 ~ 27.3.d.32 ~ 27.4.a ~ 27.4.b ~ 27.4.c ~ 27.5.a.1 ~ 27.5.a.2 ~ 27.5.b.1.a ~ 27.5.b.1.b ~ 27.5.b.2 ~ 27.6.a ~ 27.6.b.1 ~ 27.6.b.2 ~ 27.7.a ~ 27.7.b ~ 27.7.c.1 ~ 27.7.c.2 ~ 27.7.d ~ 27.7.e ~ 27.7.f ~ 27.7.g ~ 27.7.h ~ 27.7.j.1 ~ 27.7.j.2 ~ 27.7.k.1 ~ 27.7.k.2 ~ 27.8.a ~ 27.8.b ~ 27.8.c ~ 27.8.d.1 ~ 27.8.d.2 ~ 27.8.e.1 ~ 27.8.e.2 ~ 27.9.a ~ 27.9.b.1 ~ 27.9.b.2,Centroscymnus coelolepis,https://doi.org/10.17895/ices.advice.21856623.v1,Recruitment,SSB,tonnes,tonnes,        NA,F,True, 5152.0,Combined landings,t,        NA,Leafscale gulper shark,t,        NA,Portuguese dogfish,t,cyo.27.nea,3367,169091,2023,custom1,custom2,custom3,custom4,custom5
18292,Advice,1994,Portuguese dogfish (Centroscymnus coelolepis. Centrophorus squamosus) in subareas 1–10. 12. and 14 (Northeast Atlantic and adjacent waters),27.1.a ~ 27.1.b ~ 27.10.a.1 ~ 27.10.a.2 ~ 27.10.b ~ 27.12.a.1 ~ 27.12.a.2 ~ 27.12.a.3 ~ 27.12.a.4 ~ 27.12.b ~ 27.12.c ~ 27.14.a ~ 27.14.b.1 ~ 27.14.b.2 ~ 27.2.a.1 ~ 27.2.a.2 ~ 27.2.b.1 ~ 27.2.b.2 ~ 27.3.a ~ 27.3.b.23 ~ 27.3.c.22 ~ 27.3.d.24 ~ 27.3.d.25 ~ 27.3.d.26 ~ 27.3.d.27 ~ 27.3.d.28.1 ~ 27.3.d.28.2 ~ 27.3.d.29 ~ 27.3.d.30 ~ 27.3.d.31 ~ 27.3.d.32 ~ 27.4.a ~ 27.4.b ~ 27.4.c ~ 27.5.a.1 ~ 27.5.a.2 ~ 27.5.b.1.a ~ 27.5.b.1.b ~ 27.5.b.2 ~ 27.6.a ~ 27.6.b.1 ~ 27.6.b.2 ~ 27.7.a ~ 27.7.b ~ 27.7.c.1 ~ 27.7.c.2 ~ 27.7.d ~ 27.7.e ~ 27.7.f ~ 27.7.g ~ 27.7.h ~ 27.7.j.1 ~ 27.7.j.2 ~ 27.7.k.1 ~ 27.7.k.2 ~ 27.8.a ~ 27.8.b ~ 27.8.c ~ 27.8.d.1 ~ 27.8.d.2 ~ 27.8.e.1 ~ 27.8.e.2 ~ 27.9.a ~ 27.9.b.1 ~ 27.9.b.2,Centroscymnus coelolepis,https://doi.org/10.17895/ices.advice.21856623.v1,Recruitment,SSB,tonnes,tonnes,        NA,F,True, 6455.0,Combined landings,t,        NA,Leafscale gulper shark,t,        NA,Portuguese dogfish,t,cyo.27.nea,3367,169091,2023,custom1,custom2,custom3,custom4,custom5
18292,Advice,1995,Portuguese dogfish (Centroscymnus coelolepis. Centrophorus squamosus) in subareas 1–10. 12. and 14 (Northeast Atlantic and adjacent waters),27.1.a ~ 27.1.b ~ 27.10.a.1 ~ 27.10.a.2 ~ 27.10.b ~ 27.12.a.1 ~ 27.12.a.2 ~ 27.12.a.3 ~ 27.12.a.4 ~ 27.12.b ~ 27.12.c ~ 27.14.a ~ 27.14.b.1 ~ 27.14.b.2 ~ 27.2.a.1 ~ 27.2.a.2 ~ 27.2.b.1 ~ 27.2.b.2 ~ 27.3.a ~ 27.3.b.23 ~ 27.3.c.22 ~ 27.3.d.24 ~ 27.3.d.25 ~ 27.3.d.26 ~ 27.3.d.27 ~ 27.3.d.28.1 ~ 27.3.d.28.2 ~ 27.3.d.29 ~ 27.3.d.30 ~ 27.3.d.31 ~ 27.3.d.32 ~ 27.4.a ~ 27.4.b ~ 27.4.c ~ 27.5.a.1 ~ 27.5.a.2 ~ 27.5.b.1.a ~ 27.5.b.1.b ~ 27.5.b.2 ~ 27.6.a ~ 27.6.b.1 ~ 27.6.b.2 ~ 27.7.a ~ 27.7.b ~ 27.7.c.1 ~ 27.7.c.2 ~ 27.7.d ~ 27.7.e ~ 27.7.f ~ 27.7.g ~ 27.7.h ~ 27.7.j.1 ~ 27.7.j.2 ~ 27.7.k.1 ~ 27.7.k.2 ~ 27.8.a ~ 27.8.b ~ 27.8.c ~ 27.8.d.1 ~ 27.8.d.2 ~ 27.8.e.1 ~ 27.8.e.2 ~ 27.9.a ~ 27.9.b.1 ~ 27.9.b.2,Centroscymnus coelolepis,https://doi.org/10.17895/ices.advice.21856623.v1,Recruitment,SSB,tonnes,tonnes,        NA,F,True, 6512.0,Combined landings,t,        NA,Leafscale gulper shark,t,        NA,Portuguese dogfish,t,cyo.27.nea,3367,169091,2023,custom1,custom2,custom3,custom4,custom5
18292,Advice,1996,Portuguese dogfish (Centroscymnus coelolepis. Centrophorus squamosus) in subareas 1–10. 12. and 14 (Northeast Atlantic and adjacent waters),27.1.a ~ 27.1.b ~ 27.10.a.1 ~ 27.10.a.2 ~ 27.10.b ~ 27.12.a.1 ~ 27.12.a.2 ~ 27.12.a.3 ~ 27.12.a.4 ~ 27.12.b ~ 27.12.c ~ 27.14.a ~ 27.14.b.1 ~ 27.14.b.2 ~ 27.2.a.1 ~ 27.2.a.2 ~ 27.2.b.1 ~ 27.2.b.2 ~ 27.3.a ~ 27.3.b.23 ~ 27.3.c.22 ~ 27.3.d.24 ~ 27.3.d.25 ~ 27.3.d.26 ~ 27.3.d.27 ~ 27.3.d.28.1 ~ 27.3.d.28.2 ~ 27.3.d.29 ~ 27.3.d.30 ~ 27.3.d.31 ~ 27.3.d.32 ~ 27.4.a ~ 27.4.b ~ 27.4.c ~ 27.5.a.1 ~ 27.5.a.2 ~ 27.5.b.1.a ~ 27.5.b.1.b ~ 27.5.b.2 ~ 27.6.a ~ 27.6.b.1 ~ 27.6.b.2 ~ 27.7.a ~ 27.7.b ~ 27.7.c.1 ~ 27.7.c.2 ~ 27.7.d ~ 27.7.e ~ 27.7.f ~ 27.7.g ~ 27.7.h ~ 27.7.j.1 ~ 27.7.j.2 ~ 27.7.k.1 ~ 27.7.k.2 ~ 27.8.a ~ 27.8.b ~ 27.8.c ~ 27.8.d.1 ~ 27.8.d.2 ~ 27.8.e.1 ~ 27.8.e.2 ~ 27.9.a ~ 27.9.b.1 ~ 27.9.b.2,Centroscymnus coelolepis,https://doi.org/10.17895/ices.advice.21856623.v1,Recruitment,SSB,tonnes,tonnes,        NA,F,True, 7168.0,Combined landings,t,        NA,Leafscale gulper shark,t,        NA,Portuguese dogfish,t,cyo.27.nea,3367,169091,2023,custom1,custom2,custom3,custom4,custom5
18292,Advice,1997,Portuguese dogfish (Centroscymnus coelolepis. Centrophorus squamosus) in subareas 1–10. 12. and 14 (Northeast Atlantic and adjacent waters),27.1.a ~ 27.1.b ~ 27.10.a.1 ~ 27.10.a.2 ~ 27.10.b ~ 27.12.a.1 ~ 27.12.a.2 ~ 27.12.a.3 ~ 27.12.a.4 ~ 27.12.b ~ 27.12.c ~ 27.14.a ~ 27.14.b.1 ~ 27.14.b.2 ~ 27.2.a.1 ~ 27.2.a.2 ~ 27.2.b.1 ~ 27.2.b.2 ~ 27.3.a ~ 27.3.b.23 ~ 27.3.c.22 ~ 27.3.d.24 ~ 27.3.d.25 ~ 27.3.d.26 ~ 27.3.d.27 ~ 27.3.d.28.1 ~ 27.3.d.28.2 ~ 27.3.d.29 ~ 27.3.d.30 ~ 27.3.d.31 ~ 27.3.d.32 ~ 27.4.a ~ 27.4.b ~ 27.4.c ~ 27.5.a.1 ~ 27.5.a.2 ~ 27.5.b.1.a ~ 27.5.b.1.b ~ 27.5.b.2 ~ 27.6.a ~ 27.6.b.1 ~ 27.6.b.2 ~ 27.7.a ~ 27.7.b ~ 27.7.c.1 ~ 27.7.c.2 ~ 27.7.d ~ 27.7.e ~ 27.7.f ~ 27.7.g ~ 27.7.h ~ 27.7.j.1 ~ 27.7.j.2 ~ 27.7.k.1 ~ 27.7.k.2 ~ 27.8.a ~ 27.8.b ~ 27.8.c ~ 27.8.d.1 ~ 27.8.d.2 ~ 27.8.e.1 ~ 27.8.e.2 ~ 27.9.a ~ 27.9.b.1 ~ 27.9.b.2,Centroscymnus coelolepis,https://doi.org/10.17895/ices.advice.21856623.v1,Recruitment,SSB,tonnes,tonnes,        NA,F,True, 8182.0,Combined landings,t,        NA,Leafscale gulper shark,t,        NA,Portuguese dogfish,t,cyo.27.nea,3367,169091,2023,custom1,custom2,custom3,custom4,custom5
18292,Advice,1998,Portuguese dogfish (Centroscymnus coelolepis. Centrophorus squamosus) in subareas 1–10. 12. and 14 (Northeast Atlantic and adjacent waters),27.1.a ~ 27.1.b ~ 27.10.a.1 ~ 27.10.a.2 ~ 27.10.b ~ 27.12.a.1 ~ 27.12.a.2 ~ 27.12.a.3 ~ 27.12.a.4 ~ 27.12.b ~ 27.12.c ~ 27.14.a ~ 27.14.b.1 ~ 27.14.b.2 ~ 27.2.a.1 ~ 27.2.a.2 ~ 27.2.b.1 ~ 27.2.b.2 ~ 27.3.a ~ 27.3.b.23 ~ 27.3.c.22 ~ 27.3.d.24 ~ 27.3.d.25 ~ 27.3.d.26 ~ 27.3.d.27 ~ 27.3.d.28.1 ~ 27.3.d.28.2 ~ 27.3.d.29 ~ 27.3.d.30 ~ 27.3.d.31 ~ 27.3.d.32 ~ 27.4.a ~ 27.4.b ~ 27.4.c ~ 27.5.a.1 ~ 27.5.a.2 ~ 27.5.b.1.a ~ 27.5.b.1.b ~ 27.5.b.2 ~ 27.6.a ~ 27.6.b.1 ~ 27.6.b.2 ~ 27.7.a ~ 27.7.b ~ 27.7.c.1 ~ 27.7.c.2 ~ 27.7.d ~ 27.7.e ~ 27.7.f ~ 27.7.g ~ 27.7.h ~ 27.7.j.1 ~ 27.7.j.2 ~ 27.7.k.1 ~ 27.7.k.2 ~ 27.8.a ~ 27.8.b ~ 27.8.c ~ 27.8.d.1 ~ 27.8.d.2 ~ 27.8.e.1 ~ 27.8.e.2 ~ 27.9.a ~ 27.9.b.1 ~ 27.9.b.2,Centroscymnus coelolepis,https://doi.org/10.17895/ices.advice.21856623.v1,Recruitment,SSB,tonnes,tonnes,        NA,F,True, 7705.0,Combined landings,t,        NA,Leafscale gulper shark,t,        NA,Portuguese dogfish,t,cyo.27.nea,3367,169091,2023,custom1,custom2,custom3,custom4,custom5
18292,Advice,1999,Portuguese dogfish (Centroscymnus coelolepis. Centrophorus squamosus) in subareas 1–10. 12. and 14 (Northeast Atlantic and adjacent waters),27.1.a ~ 27.1.b ~ 27.10.a.1 ~ 27.10.a.2 ~ 27.10.b ~ 27.12.a.1 ~ 27.12.a.2 ~ 27.12.a.3 ~ 27.12.a.4 ~ 27.12.b ~ 27.12.c ~ 27.14.a ~ 27.14.b.1 ~ 27.14.b.2 ~ 27.2.a.1 ~ 27.2.a.2 ~ 27.2.b.1 ~ 27.2.b.2 ~ 27.3.a ~ 27.3.b.23 ~ 27.3.c.22 ~ 27.3.d.24 ~ 27.3.d.25 ~ 27.3.d.26 ~ 27.3.d.27 ~ 27.3.d.28.1 ~ 27.3.d.28.2 ~ 27.3.d.29 ~ 27.3.d.30 ~ 27.3.d.31 ~ 27.3.d.32 ~ 27.4.a ~ 27.4.b ~ 27.4.c ~ 27.5.a.1 ~ 27.5.a.2 ~ 27.5.b.1.a ~ 27.5.b.1.b ~ 27.5.b.2 ~ 27.6.a ~ 27.6.b.1 ~ 27.6.b.2 ~ 27.7.a ~ 27.7.b ~ 27.7.c.1 ~ 27.7.c.2 ~ 27.7.d ~ 27.7.e ~ 27.7.f ~ 27.7.g ~ 27.7.h ~ 27.7.j.1 ~ 27.7.j.2 ~ 27.7.k.1 ~ 27.7.k.2 ~ 27.8.a ~ 27.8.b ~ 27.8.c ~ 27.8.d.1 ~ 27.8.d.2 ~ 27.8.e.1 ~ 27.8.e.2 ~ 27.9.a ~ 27.9.b.1 ~ 27.9.b.2,Centroscymnus coelolepis,https://doi.org/10.17895/ices.advice.21856623.v1,Recruitment,SSB,tonnes,tonnes,        NA,F,True, 6484.0,Combined landings,t,        NA,Leafscale gulper shark,t,        NA,Portuguese dogfish,t,cyo.27.nea,3367,169091,2023,custom1,custom2,custom3,custom4,custom5
18292,Advice,2000,Portuguese dogfish (Centroscymnus coelolepis. Centrophorus squamosus) in subareas 1–10. 12. and 14 (Northeast Atlantic and adjacent waters),27.1.a ~ 27.1.b ~ 27.10.a.1 ~ 27.10.a.2 ~ 27.10.b ~ 27.12.a.1 ~ 27.12.a.2 ~ 27.12.a.3 ~ 27.12.a.4 ~ 27.12.b ~ 27.12.c ~ 27.14.a ~ 27.14.b.1 ~ 27.14.b.2 ~ 27.2.a.1 ~ 27.2.a.2 ~ 27.2.b.1 ~ 27.2.b.2 ~ 27.3.a ~ 27.3.b.23 ~ 27.3.c.22 ~ 27.3.d.24 ~ 27.3.d.25 ~ 27.3.d.26 ~ 27.3.d.27 ~ 27.3.d.28.1 ~ 27.3.d.28.2 ~ 27.3.d.29 ~ 27.3.d.30 ~ 27.3.d.31 ~ 27.3.d.32 ~ 27.4.a ~ 27.4.b ~ 27.4.c ~ 27.5.a.1 ~ 27.5.a.2 ~ 27.5.b.1.a ~ 27.5.b.1.b ~ 27.5.b.2 ~ 27.6.a ~ 27.6.b.1 ~ 27.6.b.2 ~ 27.7.a ~ 27.7.b ~ 27.7.c.1 ~ 27.7.c.2 ~ 27.7.d ~ 27.7.e ~ 27.7.f ~ 27.7.g ~ 27.7.h ~ 27.7.j.1 ~ 27.7.j.2 ~ 27.7.k.1 ~ 27.7.k.2 ~ 27.8.a ~ 27.8.b ~ 27.8.c ~ 27.8.d.1 ~ 27.8.d.2 ~ 27.8.e.1 ~ 27.8.e.2 ~ 27.9.a ~ 27.9.b.1 ~ 27.9.b.2,Centroscymnus coelolepis,https://doi.org/10.17895/ices.advice.21856623.v1,Recruitment,SSB,tonnes,tonnes,        NA,F,True, 7059.0,Combined landings,t,        NA,Leafscale gulper shark,t,        NA,Portuguese dogfish,t,cyo.27.nea,3367,169091,2023,custom1,custom2,custom3,custom4,custom5
18292,Advice,2001,Portuguese dogfish (Centroscymnus coelolepis. Centrophorus squamosus) in subareas 1–10. 12. and 14 (Northeast Atlantic and adjacent waters),27.1.a ~ 27.1.b ~ 27.10.a.1 ~ 27.10.a.2 ~ 27.10.b ~ 27.12.a.1 ~ 27.12.a.2 ~ 27.12.a.3 ~ 27.12.a.4 ~ 27.12.b ~ 27.12.c ~ 27.14.a ~ 27.14.b.1 ~ 27.14.b.2 ~ 27.2.a.1 ~ 27.2.a.2 ~ 27.2.b.1 ~ 27.2.b.2 ~ 27.3.a ~ 27.3.b.23 ~ 27.3.c.22 ~ 27.3.d.24 ~ 27.3.d.25 ~ 27.3.d.26 ~ 27.3.d.27 ~ 27.3.d.28.1 ~ 27.3.d.28.2 ~ 27.3.d.29 ~ 27.3.d.30 ~ 27.3.d.31 ~ 27.3.d.32 ~ 27.4.a ~ 27.4.b ~ 27.4.c ~ 27.5.a.1 ~ 27.5.a.2 ~ 27.5.b.1.a ~ 27.5.b.1.b ~ 27.5.b.2 ~ 27.6.a ~ 27.6.b.1 ~ 27.6.b.2 ~ 27.7.a ~ 27.7.b ~ 27.7.c.1 ~ 27.7.c.2 ~ 27.7.d ~ 27.7.e ~ 27.7.f ~ 27.7.g ~ 27.7.h ~ 27.7.j.1 ~ 27.7.j.2 ~ 27.7.k.1 ~ 27.7.k.2 ~ 27.8.a ~ 27.8.b ~ 27.8.c ~ 27.8.d.1 ~ 27.8.d.2 ~ 27.8.e.1 ~ 27.8.e.2 ~ 27.9.a ~ 27.9.b.1 ~ 27.9.b.2,Centroscymnus coelolepis,https://doi.org/10.17895/ices.advice.21856623.v1,Recruitment,SSB,tonnes,tonnes,        NA,F,True,10105.0,Combined landings,t,        NA,Leafscale gulper shark,t,        NA,Portuguese dogfish,t,cyo.27.nea,3367,169091,2023,custom1,custom2,custom3,custom4,custom5
18292,Advice,2002,Portuguese dogfish (Centroscymnus coelolepis. Centrophorus squamosus) in subareas 1–10. 12. and 14 (Northeast Atlantic and adjacent waters),27.1.a ~ 27.1.b ~ 27.10.a.1 ~ 27.10.a.2 ~ 27.10.b ~ 27.12.a.1 ~ 27.12.a.2 ~ 27.12.a.3 ~ 27.12.a.4 ~ 27.12.b ~ 27.12.c ~ 27.14.a ~ 27.14.b.1 ~ 27.14.b.2 ~ 27.2.a.1 ~ 27.2.a.2 ~ 27.2.b.1 ~ 27.2.b.2 ~ 27.3.a ~ 27.3.b.23 ~ 27.3.c.22 ~ 27.3.d.24 ~ 27.3.d.25 ~ 27.3.d.26 ~ 27.3.d.27 ~ 27.3.d.28.1 ~ 27.3.d.28.2 ~ 27.3.d.29 ~ 27.3.d.30 ~ 27.3.d.31 ~ 27.3.d.32 ~ 27.4.a ~ 27.4.b ~ 27.4.c ~ 27.5.a.1 ~ 27.5.a.2 ~ 27.5.b.1.a ~ 27.5.b.1.b ~ 27.5.b.2 ~ 27.6.a ~ 27.6.b.1 ~ 27.6.b.2 ~ 27.7.a ~ 27.7.b ~ 27.7.c.1 ~ 27.7.c.2 ~ 27.7.d ~ 27.7.e ~ 27.7.f ~ 27.7.g ~ 27.7.h ~ 27.7.j.1 ~ 27.7.j.2 ~ 27.7.k.1 ~ 27.7.k.2 ~ 27.8.a ~ 27.8.b ~ 27.8.c ~ 27.8.d.1 ~ 27.8.d.2 ~ 27.8.e.1 ~ 27.8.e.2 ~ 27.9.a ~ 27.9.b.1 ~ 27.9.b.2,Centroscymnus coelolepis,https://doi.org/10.17895/ices.advice.21856623.v1,Recruitment,SSB,tonnes,tonnes,        NA,F,True, 8040.0,Combined landings,t,        NA,Leafscale gulper shark,t,        NA,Portuguese dogfish,t,cyo.27.nea,3367,169091,2023,custom1,custom2,custom3,custom4,custom5
18292,Advice,2003,Portuguese dogfish (Centroscymnus coelolepis. Centrophorus squamosus) in subareas 1–10. 12. and 14 (Northeast Atlantic and adjacent waters),27.1.a ~ 27.1.b ~ 27.10.a.1 ~ 27.10.a.2 ~ 27.10.b ~ 27.12.a.1 ~ 27.12.a.2 ~ 27.12.a.3 ~ 27.12.a.4 ~ 27.12.b ~ 27.12.c ~ 27.14.a ~ 27.14.b.1 ~ 27.14.b.2 ~ 27.2.a.1 ~ 27.2.a.2 ~ 27.2.b.1 ~ 27.2.b.2 ~ 27.3.a ~ 27.3.b.23 ~ 27.3.c.22 ~ 27.3.d.24 ~ 27.3.d.25 ~ 27.3.d.26 ~ 27.3.d.27 ~ 27.3.d.28.1 ~ 27.3.d.28.2 ~ 27.3.d.29 ~ 27.3.d.30 ~ 27.3.d.31 ~ 27.3.d.32 ~ 27.4.a ~ 27.4.b ~ 27.4.c ~ 27.5.a.1 ~ 27.5.a.2 ~ 27.5.b.1.a ~ 27.5.b.1.b ~ 27.5.b.2 ~ 27.6.a ~ 27.6.b.1 ~ 27.6.b.2 ~ 27.7.a ~ 27.7.b ~ 27.7.c.1 ~ 27.7.c.2 ~ 27.7.d ~ 27.7.e ~ 27.7.f ~ 27.7.g ~ 27.7.h ~ 27.7.j.1 ~ 27.7.j.2 ~ 27.7.k.1 ~ 27.7.k.2 ~ 27.8.a ~ 27.8.b ~ 27.8.c ~ 27.8.d.1 ~ 27.8.d.2 ~ 27.8.e.1 ~ 27.8.e.2 ~ 27.9.a ~ 27.9.b.1 ~ 27.9.b.2,Centroscymnus coelolepis,https://doi.org/10.17895/ices.advice.21856623.v1,Recruitment,SSB,tonnes,tonnes,        NA,F,True,10872.0,Combined landings,t,        NA,Leafscale gulper shark,t,        NA,Portuguese dogfish,t,cyo.27.nea,3367,169091,2023,custom1,custom2,custom3,custom4,custom5
18292,Advice,2004,Portuguese dogfish (Centroscymnus coelolepis. Centrophorus squamosus) in subareas 1–10. 12. and 14 (Northeast Atlantic and adjacent waters),27.1.a ~ 27.1.b ~ 27.10.a.1 ~ 27.10.a.2 ~ 27.10.b ~ 27.12.a.1 ~ 27.12.a.2 ~ 27.12.a.3 ~ 27.12.a.4 ~ 27.12.b ~ 27.12.c ~ 27.14.a ~ 27.14.b.1 ~ 27.14.b.2 ~ 27.2.a.1 ~ 27.2.a.2 ~ 27.2.b.1 ~ 27.2.b.2 ~ 27.3.a ~ 27.3.b.23 ~ 27.3.c.22 ~ 27.3.d.24 ~ 27.3.d.25 ~ 27.3.d.26 ~ 27.3.d.27 ~ 27.3.d.28.1 ~ 27.3.d.28.2 ~ 27.3.d.29 ~ 27.3.d.30 ~ 27.3.d.31 ~ 27.3.d.32 ~ 27.4.a ~ 27.4.b ~ 27.4.c ~ 27.5.a.1 ~ 27.5.a.2 ~ 27.5.b.1.a ~ 27.5.b.1.b ~ 27.5.b.2 ~ 27.6.a ~ 27.6.b.1 ~ 27.6.b.2 ~ 27.7.a ~ 27.7.b ~ 27.7.c.1 ~ 27.7.c.2 ~ 27.7.d ~ 27.7.e ~ 27.7.f ~ 27.7.g ~ 27.7.h ~ 27.7.j.1 ~ 27.7.j.2 ~ 27.7.k.1 ~ 27.7.k.2 ~ 27.8.a ~ 27.8.b ~ 27.8.c ~ 27.8.d.1 ~ 27.8.d.2 ~ 27.8.e.1 ~ 27.8.e.2 ~ 27.9.a ~ 27.9.b.1 ~ 27.9.b.2,Centroscymnus coelolepis,https://doi.org/10.17895/ices.advice.21856623.v1,Recruitment,SSB,tonnes,tonnes,        NA,F,True, 9031.4,Combined landings,t,        NA,Leafscale gulper shark,t,        NA,Portuguese dogfish,t,cyo.27.nea,3367,169091,2023,custom1,custom2,custom3,custom4,custom5
18292,Advice,2005,Portuguese dogfish (Centroscymnus coelolepis. Centrophorus squamosus) in subareas 1–10. 12. and 14 (Northeast Atlantic and adjacent waters),27.1.a ~ 27.1.b ~ 27.10.a.1 ~ 27.10.a.2 ~ 27.10.b ~ 27.12.a.1 ~ 27.12.a.2 ~ 27.12.a.3 ~ 27.12.a.4 ~ 27.12.b ~ 27.12.c ~ 27.14.a ~ 27.14.b.1 ~ 27.14.b.2 ~ 27.2.a.1 ~ 27.2.a.2 ~ 27.2.b.1 ~ 27.2.b.2 ~ 27.3.a ~ 27.3.b.23 ~ 27.3.c.22 ~ 27.3.d.24 ~ 27.3.d.25 ~ 27.3.d.26 ~ 27.3.d.27 ~ 27.3.d.28.1 ~ 27.3.d.28.2 ~ 27.3.d.29 ~ 27.3.d.30 ~ 27.3.d.31 ~ 27.3.d.32 ~ 27.4.a ~ 27.4.b ~ 27.4.c ~ 27.5.a.1 ~ 27.5.a.2 ~ 27.5.b.1.a ~ 27.5.b.1.b ~ 27.5.b.2 ~ 27.6.a ~ 27.6.b.1 ~ 27.6.b.2 ~ 27.7.a ~ 27.7.b ~ 27.7.c.1 ~ 27.7.c.2 ~ 27.7.d ~ 27.7.e ~ 27.7.f ~ 27.7.g ~ 27.7.h ~ 27.7.j.1 ~ 27.7.j.2 ~ 27.7.k.1 ~ 27.7.k.2 ~ 27.8.a ~ 27.8.b ~ 27.8.c ~ 27.8.d.1 ~ 27.8.d.2 ~ 27.8.e.1 ~ 27.8.e.2 ~ 27.9.a ~ 27.9.b.1 ~ 27.9.b.2,Centroscymnus coelolepis,https://doi.org/10.17895/ices.advice.21856623.v1,Recruitment,SSB,tonnes,tonnes,1657.19235,F,True,     NA,Combined landings,t,1146.93592,Leafscale gulper shark,t,1657.19235,Portuguese dogfish,t,cyo.27.nea,3367,169091,2023,custom1,custom2,custom3,custom4,custom5
18292,Advice,2006,Portuguese dogfish (Centroscymnus coelolepis. Centrophorus squamosus) in subareas 1–10. 12. and 14 (Northeast Atlantic and adjacent waters),27.1.a ~ 27.1.b ~ 27.10.a.1 ~ 27.10.a.2 ~ 27.10.b ~ 27.12.a.1 ~ 27.12.a.2 ~ 27.12.a.3 ~ 27.12.a.4 ~ 27.12.b ~ 27.12.c ~ 27.14.a ~ 27.14.b.1 ~ 27.14.b.2 ~ 27.2.a.1 ~ 27.2.a.2 ~ 27.2.b.1 ~ 27.2.b.2 ~ 27.3.a ~ 27.3.b.23 ~ 27.3.c.22 ~ 27.3.d.24 ~ 27.3.d.25 ~ 27.3.d.26 ~ 27.3.d.27 ~ 27.3.d.28.1 ~ 27.3.d.28.2 ~ 27.3.d.29 ~ 27.3.d.30 ~ 27.3.d.31 ~ 27.3.d.32 ~ 27.4.a ~ 27.4.b ~ 27.4.c ~ 27.5.a.1 ~ 27.5.a.2 ~ 27.5.b.1.a ~ 27.5.b.1.b ~ 27.5.b.2 ~ 27.6.a ~ 27.6.b.1 ~ 27.6.b.2 ~ 27.7.a ~ 27.7.b ~ 27.7.c.1 ~ 27.7.c.2 ~ 27.7.d ~ 27.7.e ~ 27.7.f ~ 27.7.g ~ 27.7.h ~ 27.7.j.1 ~ 27.7.j.2 ~ 27.7.k.1 ~ 27.7.k.2 ~ 27.8.a ~ 27.8.b ~ 27.8.c ~ 27.8.d.1 ~ 27.8.d.2 ~ 27.8.e.1 ~ 27.8.e.2 ~ 27.9.a ~ 27.9.b.1 ~ 27.9.b.2,Centroscymnus coelolepis,https://doi.org/10.17895/ices.advice.21856623.v1,Recruitment,SSB,tonnes,tonnes,1239.54871,F,True,     NA,Combined landings,t, 858.48584,Leafscale gulper shark,t,1239.54871,Portuguese dogfish,t,cyo.27.nea,3367,169091,2023,custom1,custom2,custom3,custom4,custom5
18292,Advice,2007,Portuguese dogfish (Centroscymnus coelolepis. Centrophorus squamosus) in subareas 1–10. 12. and 14 (Northeast Atlantic and adjacent waters),27.1.a ~ 27.1.b ~ 27.10.a.1 ~ 27.10.a.2 ~ 27.10.b ~ 27.12.a.1 ~ 27.12.a.2 ~ 27.12.a.3 ~ 27.12.a.4 ~ 27.12.b ~ 27.12.c ~ 27.14.a ~ 27.14.b.1 ~ 27.14.b.2 ~ 27.2.a.1 ~ 27.2.a.2 ~ 27.2.b.1 ~ 27.2.b.2 ~ 27.3.a ~ 27.3.b.23 ~ 27.3.c.22 ~ 27.3.d.24 ~ 27.3.d.25 ~ 27.3.d.26 ~ 27.3.d.27 ~ 27.3.d.28.1 ~ 27.3.d.28.2 ~ 27.3.d.29 ~ 27.3.d.30 ~ 27.3.d.31 ~ 27.3.d.32 ~ 27.4.a ~ 27.4.b ~ 27.4.c ~ 27.5.a.1 ~ 27.5.a.2 ~ 27.5.b.1.a ~ 27.5.b.1.b ~ 27.5.b.2 ~ 27.6.a ~ 27.6.b.1 ~ 27.6.b.2 ~ 27.7.a ~ 27.7.b ~ 27.7.c.1 ~ 27.7.c.2 ~ 27.7.d ~ 27.7.e ~ 27.7.f ~ 27.7.g ~ 27.7.h ~ 27.7.j.1 ~ 27.7.j.2 ~ 27.7.k.1 ~ 27.7.k.2 ~ 27.8.a ~ 27.8.b ~ 27.8.c ~ 27.8.d.1 ~ 27.8.d.2 ~ 27.8.e.1 ~ 27.8.e.2 ~ 27.9.a ~ 27.9.b.1 ~ 27.9.b.2,Centroscymnus coelolepis,https://doi.org/10.17895/ices.advice.21856623.v1,Recruitment,SSB,tonnes,tonnes, 506.68276,F,True,     NA,Combined landings,t, 330.78908,Leafscale gulper shark,t, 506.68276,Portuguese dogfish,t,cyo.27.nea,3367,169091,2023,custom1,custom2,custom3,custom4,custom5
18292,Advice,2008,Portuguese dogfish (Centroscymnus coelolepis. Centrophorus squamosus) in subareas 1–10. 12. and 14 (Northeast Atlantic and adjacent waters),27.1.a ~ 27.1.b ~ 27.10.a.1 ~ 27.10.a.2 ~ 27.10.b ~ 27.12.a.1 ~ 27.12.a.2 ~ 27.12.a.3 ~ 27.12.a.4 ~ 27.12.b ~ 27.12.c ~ 27.14.a ~ 27.14.b.1 ~ 27.14.b.2 ~ 27.2.a.1 ~ 27.2.a.2 ~ 27.2.b.1 ~ 27.2.b.2 ~ 27.3.a ~ 27.3.b.23 ~ 27.3.c.22 ~ 27.3.d.24 ~ 27.3.d.25 ~ 27.3.d.26 ~ 27.3.d.27 ~ 27.3.d.28.1 ~ 27.3.d.28.2 ~ 27.3.d.29 ~ 27.3.d.30 ~ 27.3.d.31 ~ 27.3.d.32 ~ 27.4.a ~ 27.4.b ~ 27.4.c ~ 27.5.a.1 ~ 27.5.a.2 ~ 27.5.b.1.a ~ 27.5.b.1.b ~ 27.5.b.2 ~ 27.6.a ~ 27.6.b.1 ~ 27.6.b.2 ~ 27.7.a ~ 27.7.b ~ 27.7.c.1 ~ 27.7.c.2 ~ 27.7.d ~ 27.7.e ~ 27.7.f ~ 27.7.g ~ 27.7.h ~ 27.7.j.1 ~ 27.7.j.2 ~ 27.7.k.1 ~ 27.7.k.2 ~ 27.8.a ~ 27.8.b ~ 27.8.c ~ 27.8.d.1 ~ 27.8.d.2 ~ 27.8.e.1 ~ 27.8.e.2 ~ 27.9.a ~ 27.9.b.1 ~ 27.9.b.2,Centroscymnus coelolepis,https://doi.org/10.17895/ices.advice.21856623.v1,Recruitment,SSB,tonnes,tonnes, 393.85083,F,True,     NA,Combined landings,t, 189.89808,Leafscale gulper shark,t, 393.85083,Portuguese dogfish,t,cyo.27.nea,3367,169091,2023,custom1,custom2,custom3,custom4,custom5
18292,Advice,2009,Portuguese dogfish (Centroscymnus coelolepis. Centrophorus squamosus) in subareas 1–10. 12. and 14 (Northeast Atlantic and adjacent waters),27.1.a ~ 27.1.b ~ 27.10.a.1 ~ 27.10.a.2 ~ 27.10.b ~ 27.12.a.1 ~ 27.12.a.2 ~ 27.12.a.3 ~ 27.12.a.4 ~ 27.12.b ~ 27.12.c ~ 27.14.a ~ 27.14.b.1 ~ 27.14.b.2 ~ 27.2.a.1 ~ 27.2.a.2 ~ 27.2.b.1 ~ 27.2.b.2 ~ 27.3.a ~ 27.3.b.23 ~ 27.3.c.22 ~ 27.3.d.24 ~ 27.3.d.25 ~ 27.3.d.26 ~ 27.3.d.27 ~ 27.3.d.28.1 ~ 27.3.d.28.2 ~ 27.3.d.29 ~ 27.3.d.30 ~ 27.3.d.31 ~ 27.3.d.32 ~ 27.4.a ~ 27.4.b ~ 27.4.c ~ 27.5.a.1 ~ 27.5.a.2 ~ 27.5.b.1.a ~ 27.5.b.1.b ~ 27.5.b.2 ~ 27.6.a ~ 27.6.b.1 ~ 27.6.b.2 ~ 27.7.a ~ 27.7.b ~ 27.7.c.1 ~ 27.7.c.2 ~ 27.7.d ~ 27.7.e ~ 27.7.f ~ 27.7.g ~ 27.7.h ~ 27.7.j.1 ~ 27.7.j.2 ~ 27.7.k.1 ~ 27.7.k.2 ~ 27.8.a ~ 27.8.b ~ 27.8.c ~ 27.8.d.1 ~ 27.8.d.2 ~ 27.8.e.1 ~ 27.8.e.2 ~ 27.9.a ~ 27.9.b.1 ~ 27.9.b.2,Centroscymnus coelolepis,https://doi.org/10.17895/ices.advice.21856623.v1,Recruitment,SSB,tonnes,tonnes, 113.66554,F,True,     NA,Combined landings,t, 164.76575,Leafscale gulper shark,t, 113.66554,Portuguese dogfish,t,cyo.27.nea,3367,169091,2023,custom1,custom2,custom3,custom4,custom5
18292,Advice,2010,Portuguese dogfish (Centroscymnus coelolepis. Centrophorus squamosus) in subareas 1–10. 12. and 14 (Northeast Atlantic and adjacent waters),27.1.a ~ 27.1.b ~ 27.10.a.1 ~ 27.10.a.2 ~ 27.10.b ~ 27.12.a.1 ~ 27.12.a.2 ~ 27.12.a.3 ~ 27.12.a.4 ~ 27.12.b ~ 27.12.c ~ 27.14.a ~ 27.14.b.1 ~ 27.14.b.2 ~ 27.2.a.1 ~ 27.2.a.2 ~ 27.2.b.1 ~ 27.2.b.2 ~ 27.3.a ~ 27.3.b.23 ~ 27.3.c.22 ~ 27.3.d.24 ~ 27.3.d.25 ~ 27.3.d.26 ~ 27.3.d.27 ~ 27.3.d.28.1 ~ 27.3.d.28.2 ~ 27.3.d.29 ~ 27.3.d.30 ~ 27.3.d.31 ~ 27.3.d.32 ~ 27.4.a ~ 27.4.b ~ 27.4.c ~ 27.5.a.1 ~ 27.5.a.2 ~ 27.5.b.1.a ~ 27.5.b.1.b ~ 27.5.b.2 ~ 27.6.a ~ 27.6.b.1 ~ 27.6.b.2 ~ 27.7.a ~ 27.7.b ~ 27.7.c.1 ~ 27.7.c.2 ~ 27.7.d ~ 27.7.e ~ 27.7.f ~ 27.7.g ~ 27.7.h ~ 27.7.j.1 ~ 27.7.j.2 ~ 27.7.k.1 ~ 27.7.k.2 ~ 27.8.a ~ 27.8.b ~ 27.8.c ~ 27.8.d.1 ~ 27.8.d.2 ~ 27.8.e.1 ~ 27.8.e.2 ~ 27.9.a ~ 27.9.b.1 ~ 27.9.b.2,Centroscymnus coelolepis,https://doi.org/10.17895/ices.advice.21856623.v1,Recruitment,SSB,tonnes,tonnes,  58.23178,F,True,     NA,Combined landings,t, 133.51262,Leafscale gulper shark,t,  58.23178,Portuguese dogfish,t,cyo.27.nea,3367,169091,2023,custom1,custom2,custom3,custom4,custom5
18292,Advice,2011,Portuguese dogfish (Centroscymnus coelolepis. Centrophorus squamosus) in subareas 1–10. 12. and 14 (Northeast Atlantic and adjacent waters),27.1.a ~ 27.1.b ~ 27.10.a.1 ~ 27.10.a.2 ~ 27.10.b ~ 27.12.a.1 ~ 27.12.a.2 ~ 27.12.a.3 ~ 27.12.a.4 ~ 27.12.b ~ 27.12.c ~ 27.14.a ~ 27.14.b.1 ~ 27.14.b.2 ~ 27.2.a.1 ~ 27.2.a.2 ~ 27.2.b.1 ~ 27.2.b.2 ~ 27.3.a ~ 27.3.b.23 ~ 27.3.c.22 ~ 27.3.d.24 ~ 27.3.d.25 ~ 27.3.d.26 ~ 27.3.d.27 ~ 27.3.d.28.1 ~ 27.3.d.28.2 ~ 27.3.d.29 ~ 27.3.d.30 ~ 27.3.d.31 ~ 27.3.d.32 ~ 27.4.a ~ 27.4.b ~ 27.4.c ~ 27.5.a.1 ~ 27.5.a.2 ~ 27.5.b.1.a ~ 27.5.b.1.b ~ 27.5.b.2 ~ 27.6.a ~ 27.6.b.1 ~ 27.6.b.2 ~ 27.7.a ~ 27.7.b ~ 27.7.c.1 ~ 27.7.c.2 ~ 27.7.d ~ 27.7.e ~ 27.7.f ~ 27.7.g ~ 27.7.h ~ 27.7.j.1 ~ 27.7.j.2 ~ 27.7.k.1 ~ 27.7.k.2 ~ 27.8.a ~ 27.8.b ~ 27.8.c ~ 27.8.d.1 ~ 27.8.d.2 ~ 27.8.e.1 ~ 27.8.e.2 ~ 27.9.a ~ 27.9.b.1 ~ 27.9.b.2,Centroscymnus coelolepis,https://doi.org/10.17895/ices.advice.21856623.v1,Recruitment,SSB,tonnes,tonnes,   2.46700,F,True,     NA,Combined landings,t,   3.35070,Leafscale gulper shark,t,   2.46700,Portuguese dogfish,t,cyo.27.nea,3367,169091,2023,custom1,custom2,custom3,custom4,custom5
18292,Advice,2012,Portuguese dogfish (Centroscymnus coelolepis. Centrophorus squamosus) in subareas 1–10. 12. and 14 (Northeast Atlantic and adjacent waters),27.1.a ~ 27.1.b ~ 27.10.a.1 ~ 27.10.a.2 ~ 27.10.b ~ 27.12.a.1 ~ 27.12.a.2 ~ 27.12.a.3 ~ 27.12.a.4 ~ 27.12.b ~ 27.12.c ~ 27.14.a ~ 27.14.b.1 ~ 27.14.b.2 ~ 27.2.a.1 ~ 27.2.a.2 ~ 27.2.b.1 ~ 27.2.b.2 ~ 27.3.a ~ 27.3.b.23 ~ 27.3.c.22 ~ 27.3.d.24 ~ 27.3.d.25 ~ 27.3.d.26 ~ 27.3.d.27 ~ 27.3.d.28.1 ~ 27.3.d.28.2 ~ 27.3.d.29 ~ 27.3.d.30 ~ 27.3.d.31 ~ 27.3.d.32 ~ 27.4.a ~ 27.4.b ~ 27.4.c ~ 27.5.a.1 ~ 27.5.a.2 ~ 27.5.b.1.a ~ 27.5.b.1.b ~ 27.5.b.2 ~ 27.6.a ~ 27.6.b.1 ~ 27.6.b.2 ~ 27.7.a ~ 27.7.b ~ 27.7.c.1 ~ 27.7.c.2 ~ 27.7.d ~ 27.7.e ~ 27.7.f ~ 27.7.g ~ 27.7.h ~ 27.7.j.1 ~ 27.7.j.2 ~ 27.7.k.1 ~ 27.7.k.2 ~ 27.8.a ~ 27.8.b ~ 27.8.c ~ 27.8.d.1 ~ 27.8.d.2 ~ 27.8.e.1 ~ 27.8.e.2 ~ 27.9.a ~ 27.9.b.1 ~ 27.9.b.2,Centroscymnus coelolepis,https://doi.org/10.17895/ices.advice.21856623.v1,Recruitment,SSB,tonnes,tonnes,   4.42800,F,True,     NA,Combined landings,t,   2.32573,Leafscale gulper shark,t,   4.42800,Portuguese dogfish,t,cyo.27.nea,3367,169091,2023,custom1,custom2,custom3,custom4,custom5
18292,Advice,2013,Portuguese dogfish (Centroscymnus coelolepis. Centrophorus squamosus) in subareas 1–10. 12. and 14 (Northeast Atlantic and adjacent waters),27.1.a ~ 27.1.b ~ 27.10.a.1 ~ 27.10.a.2 ~ 27.10.b ~ 27.12.a.1 ~ 27.12.a.2 ~ 27.12.a.3 ~ 27.12.a.4 ~ 27.12.b ~ 27.12.c ~ 27.14.a ~ 27.14.b.1 ~ 27.14.b.2 ~ 27.2.a.1 ~ 27.2.a.2 ~ 27.2.b.1 ~ 27.2.b.2 ~ 27.3.a ~ 27.3.b.23 ~ 27.3.c.22 ~ 27.3.d.24 ~ 27.3.d.25 ~ 27.3.d.26 ~ 27.3.d.27 ~ 27.3.d.28.1 ~ 27.3.d.28.2 ~ 27.3.d.29 ~ 27.3.d.30 ~ 27.3.d.31 ~ 27.3.d.32 ~ 27.4.a ~ 27.4.b ~ 27.4.c ~ 27.5.a.1 ~ 27.5.a.2 ~ 27.5.b.1.a ~ 27.5.b.1.b ~ 27.5.b.2 ~ 27.6.a ~ 27.6.b.1 ~ 27.6.b.2 ~ 27.7.a ~ 27.7.b ~ 27.7.c.1 ~ 27.7.c.2 ~ 27.7.d ~ 27.7.e ~ 27.7.f ~ 27.7.g ~ 27.7.h ~ 27.7.j.1 ~ 27.7.j.2 ~ 27.7.k.1 ~ 27.7.k.2 ~ 27.8.a ~ 27.8.b ~ 27.8.c ~ 27.8.d.1 ~ 27.8.d.2 ~ 27.8.e.1 ~ 27.8.e.2 ~ 27.9.a ~ 27.9.b.1 ~ 27.9.b.2,Centroscymnus coelolepis,https://doi.org/10.17895/ices.advice.21856623.v1,Recruitment,SSB,tonnes,tonnes,   2.23900,F,True,     NA,Combined landings,t,   0.07100,Leafscale gulper shark,t,   2.23900,Portuguese dogfish,t,cyo.27.nea,3367,169091,2023,custom1,custom2,custom3,custom4,custom5
18292,Advice,2014,Portuguese dogfish (Centroscymnus coelolepis. Centrophorus squamosus) in subareas 1–10. 12. and 14 (Northeast Atlantic and adjacent waters),27.1.a ~ 27.1.b ~ 27.10.a.1 ~ 27.10.a.2 ~ 27.10.b ~ 27.12.a.1 ~ 27.12.a.2 ~ 27.12.a.3 ~ 27.12.a.4 ~ 27.12.b ~ 27.12.c ~ 27.14.a ~ 27.14.b.1 ~ 27.14.b.2 ~ 27.2.a.1 ~ 27.2.a.2 ~ 27.2.b.1 ~ 27.2.b.2 ~ 27.3.a ~ 27.3.b.23 ~ 27.3.c.22 ~ 27.3.d.24 ~ 27.3.d.25 ~ 27.3.d.26 ~ 27.3.d.27 ~ 27.3.d.28.1 ~ 27.3.d.28.2 ~ 27.3.d.29 ~ 27.3.d.30 ~ 27.3.d.31 ~ 27.3.d.32 ~ 27.4.a ~ 27.4.b ~ 27.4.c ~ 27.5.a.1 ~ 27.5.a.2 ~ 27.5.b.1.a ~ 27.5.b.1.b ~ 27.5.b.2 ~ 27.6.a ~ 27.6.b.1 ~ 27.6.b.2 ~ 27.7.a ~ 27.7.b ~ 27.7.c.1 ~ 27.7.c.2 ~ 27.7.d ~ 27.7.e ~ 27.7.f ~ 27.7.g ~ 27.7.h ~ 27.7.j.1 ~ 27.7.j.2 ~ 27.7.k.1 ~ 27.7.k.2 ~ 27.8.a ~ 27.8.b ~ 27.8.c ~ 27.8.d.1 ~ 27.8.d.2 ~ 27.8.e.1 ~ 27.8.e.2 ~ 27.9.a ~ 27.9.b.1 ~ 27.9.b.2,Centroscymnus coelolepis,https://doi.org/10.17895/ices.advice.21856623.v1,Recruitment,SSB,tonnes,tonnes,   5.32015,F,True,     NA,Combined landings,t,  32.66837,Leafscale gulper shark,t,   5.32015,Portuguese dogfish,t,cyo.27.nea,3367,169091,2023,custom1,custom2,custom3,custom4,custom5
18292,Advice,2015,Portuguese dogfish (Centroscymnus coelolepis. Centrophorus squamosus) in subareas 1–10. 12. and 14 (Northeast Atlantic and adjacent waters),27.1.a ~ 27.1.b ~ 27.10.a.1 ~ 27.10.a.2 ~ 27.10.b ~ 27.12.a.1 ~ 27.12.a.2 ~ 27.12.a.3 ~ 27.12.a.4 ~ 27.12.b ~ 27.12.c ~ 27.14.a ~ 27.14.b.1 ~ 27.14.b.2 ~ 27.2.a.1 ~ 27.2.a.2 ~ 27.2.b.1 ~ 27.2.b.2 ~ 27.3.a ~ 27.3.b.23 ~ 27.3.c.22 ~ 27.3.d.24 ~ 27.3.d.25 ~ 27.3.d.26 ~ 27.3.d.27 ~ 27.3.d.28.1 ~ 27.3.d.28.2 ~ 27.3.d.29 ~ 27.3.d.30 ~ 27.3.d.31 ~ 27.3.d.32 ~ 27.4.a ~ 27.4.b ~ 27.4.c ~ 27.5.a.1 ~ 27.5.a.2 ~ 27.5.b.1.a ~ 27.5.b.1.b ~ 27.5.b.2 ~ 27.6.a ~ 27.6.b.1 ~ 27.6.b.2 ~ 27.7.a ~ 27.7.b ~ 27.7.c.1 ~ 27.7.c.2 ~ 27.7.d ~ 27.7.e ~ 27.7.f ~ 27.7.g ~ 27.7.h ~ 27.7.j.1 ~ 27.7.j.2 ~ 27.7.k.1 ~ 27.7.k.2 ~ 27.8.a ~ 27.8.b ~ 27.8.c ~ 27.8.d.1 ~ 27.8.d.2 ~ 27.8.e.1 ~ 27.8.e.2 ~ 27.9.a ~ 27.9.b.1 ~ 27.9.b.2,Centroscymnus coelolepis,https://doi.org/10.17895/ices.advice.21856623.v1,Recruitment,SSB,tonnes,tonnes,   0.60900,F,True,     NA,Combined landings,t,   9.93300,Leafscale gulper shark,t,   0.60900,Portuguese dogfish,t,cyo.27.nea,3367,169091,2023,custom1,custom2,custom3,custom4,custom5
18292,Advice,2016,Portuguese dogfish (Centroscymnus coelolepis. Centrophorus squamosus) in subareas 1–10. 12. and 14 (Northeast Atlantic and adjacent waters),27.1.a ~ 27.1.b ~ 27.10.a.1 ~ 27.10.a.2 ~ 27.10.b ~ 27.12.a.1 ~ 27.12.a.2 ~ 27.12.a.3 ~ 27.12.a.4 ~ 27.12.b ~ 27.12.c ~ 27.14.a ~ 27.14.b.1 ~ 27.14.b.2 ~ 27.2.a.1 ~ 27.2.a.2 ~ 27.2.b.1 ~ 27.2.b.2 ~ 27.3.a ~ 27.3.b.23 ~ 27.3.c.22 ~ 27.3.d.24 ~ 27.3.d.25 ~ 27.3.d.26 ~ 27.3.d.27 ~ 27.3.d.28.1 ~ 27.3.d.28.2 ~ 27.3.d.29 ~ 27.3.d.30 ~ 27.3.d.31 ~ 27.3.d.32 ~ 27.4.a ~ 27.4.b ~ 27.4.c ~ 27.5.a.1 ~ 27.5.a.2 ~ 27.5.b.1.a ~ 27.5.b.1.b ~ 27.5.b.2 ~ 27.6.a ~ 27.6.b.1 ~ 27.6.b.2 ~ 27.7.a ~ 27.7.b ~ 27.7.c.1 ~ 27.7.c.2 ~ 27.7.d ~ 27.7.e ~ 27.7.f ~ 27.7.g ~ 27.7.h ~ 27.7.j.1 ~ 27.7.j.2 ~ 27.7.k.1 ~ 27.7.k.2 ~ 27.8.a ~ 27.8.b ~ 27.8.c ~ 27.8.d.1 ~ 27.8.d.2 ~ 27.8.e.1 ~ 27.8.e.2 ~ 27.9.a ~ 27.9.b.1 ~ 27.9.b.2,Centroscymnus coelolepis,https://doi.org/10.17895/ices.advice.21856623.v1,Recruitment,SSB,tonnes,tonnes,   0.17100,F,True,     NA,Combined landings,t,   0.01100,Leafscale gulper shark,t,   0.17100,Portuguese dogfish,t,cyo.27.nea,3367,169091,2023,custom1,custom2,custom3,custom4,custom5
18292,Advice,2017,Portuguese dogfish (Centroscymnus coelolepis. Centrophorus squamosus) in subareas 1–10. 12. and 14 (Northeast Atlantic and adjacent waters),27.1.a ~ 27.1.b ~ 27.10.a.1 ~ 27.10.a.2 ~ 27.10.b ~ 27.12.a.1 ~ 27.12.a.2 ~ 27.12.a.3 ~ 27.12.a.4 ~ 27.12.b ~ 27.12.c ~ 27.14.a ~ 27.14.b.1 ~ 27.14.b.2 ~ 27.2.a.1 ~ 27.2.a.2 ~ 27.2.b.1 ~ 27.2.b.2 ~ 27.3.a ~ 27.3.b.23 ~ 27.3.c.22 ~ 27.3.d.24 ~ 27.3.d.25 ~ 27.3.d.26 ~ 27.3.d.27 ~ 27.3.d.28.1 ~ 27.3.d.28.2 ~ 27.3.d.29 ~ 27.3.d.30 ~ 27.3.d.31 ~ 27.3.d.32 ~ 27.4.a ~ 27.4.b ~ 27.4.c ~ 27.5.a.1 ~ 27.5.a.2 ~ 27.5.b.1.a ~ 27.5.b.1.b ~ 27.5.b.2 ~ 27.6.a ~ 27.6.b.1 ~ 27.6.b.2 ~ 27.7.a ~ 27.7.b ~ 27.7.c.1 ~ 27.7.c.2 ~ 27.7.d ~ 27.7.e ~ 27.7.f ~ 27.7.g ~ 27.7.h ~ 27.7.j.1 ~ 27.7.j.2 ~ 27.7.k.1 ~ 27.7.k.2 ~ 27.8.a ~ 27.8.b ~ 27.8.c ~ 27.8.d.1 ~ 27.8.d.2 ~ 27.8.e.1 ~ 27.8.e.2 ~ 27.9.a ~ 27.9.b.1 ~ 27.9.b.2,Centroscymnus coelolepis,https://doi.org/10.17895/ices.advice.21856623.v1,Recruitment,SSB,tonnes,tonnes,   3.05300,F,True,     NA,Combined landings,t,   7.46400,Leafscale gulper shark,t,   3.05300,Portuguese dogfish,t,cyo.27.nea,3367,169091,2023,custom1,custom2,custom3,custom4,custom5
18292,Advice,2018,Portuguese dogfish (Centroscymnus coelolepis. Centrophorus squamosus) in subareas 1–10. 12. and 14 (Northeast Atlantic and adjacent waters),27.1.a ~ 27.1.b ~ 27.10.a.1 ~ 27.10.a.2 ~ 27.10.b ~ 27.12.a.1 ~ 27.12.a.2 ~ 27.12.a.3 ~ 27.12.a.4 ~ 27.12.b ~ 27.12.c ~ 27.14.a ~ 27.14.b.1 ~ 27.14.b.2 ~ 27.2.a.1 ~ 27.2.a.2 ~ 27.2.b.1 ~ 27.2.b.2 ~ 27.3.a ~ 27.3.b.23 ~ 27.3.c.22 ~ 27.3.d.24 ~ 27.3.d.25 ~ 27.3.d.26 ~ 27.3.d.27 ~ 27.3.d.28.1 ~ 27.3.d.28.2 ~ 27.3.d.29 ~ 27.3.d.30 ~ 27.3.d.31 ~ 27.3.d.32 ~ 27.4.a ~ 27.4.b ~ 27.4.c ~ 27.5.a.1 ~ 27.5.a.2 ~ 27.5.b.1.a ~ 27.5.b.1.b ~ 27.5.b.2 ~ 27.6.a ~ 27.6.b.1 ~ 27.6.b.2 ~ 27.7.a ~ 27.7.b ~ 27.7.c.1 ~ 27.7.c.2 ~ 27.7.d ~ 27.7.e ~ 27.7.f ~ 27.7.g ~ 27.7.h ~ 27.7.j.1 ~ 27.7.j.2 ~ 27.7.k.1 ~ 27.7.k.2 ~ 27.8.a ~ 27.8.b ~ 27.8.c ~ 27.8.d.1 ~ 27.8.d.2 ~ 27.8.e.1 ~ 27.8.e.2 ~ 27.9.a ~ 27.9.b.1 ~ 27.9.b.2,Centroscymnus coelolepis,https://doi.org/10.17895/ices.advice.21856623.v1,Recruitment,SSB,tonnes,tonnes,   2.15620,F,True,     NA,Combined landings,t,   2.09280,Leafscale gulper shark,t,   2.15620,Portuguese dogfish,t,cyo.27.nea,3367,169091,2023,custom1,custom2,custom3,custom4,custom5
18292,Advice,2019,Portuguese dogfish (Centroscymnus coelolepis. Centrophorus squamosus) in subareas 1–10. 12. and 14 (Northeast Atlantic and adjacent waters),27.1.a ~ 27.1.b ~ 27.10.a.1 ~ 27.10.a.2 ~ 27.10.b ~ 27.12.a.1 ~ 27.12.a.2 ~ 27.12.a.3 ~ 27.12.a.4 ~ 27.12.b ~ 27.12.c ~ 27.14.a ~ 27.14.b.1 ~ 27.14.b.2 ~ 27.2.a.1 ~ 27.2.a.2 ~ 27.2.b.1 ~ 27.2.b.2 ~ 27.3.a ~ 27.3.b.23 ~ 27.3.c.22 ~ 27.3.d.24 ~ 27.3.d.25 ~ 27.3.d.26 ~ 27.3.d.27 ~ 27.3.d.28.1 ~ 27.3.d.28.2 ~ 27.3.d.29 ~ 27.3.d.30 ~ 27.3.d.31 ~ 27.3.d.32 ~ 27.4.a ~ 27.4.b ~ 27.4.c ~ 27.5.a.1 ~ 27.5.a.2 ~ 27.5.b.1.a ~ 27.5.b.1.b ~ 27.5.b.2 ~ 27.6.a ~ 27.6.b.1 ~ 27.6.b.2 ~ 27.7.a ~ 27.7.b ~ 27.7.c.1 ~ 27.7.c.2 ~ 27.7.d ~ 27.7.e ~ 27.7.f ~ 27.7.g ~ 27.7.h ~ 27.7.j.1 ~ 27.7.j.2 ~ 27.7.k.1 ~ 27.7.k.2 ~ 27.8.a ~ 27.8.b ~ 27.8.c ~ 27.8.d.1 ~ 27.8.d.2 ~ 27.8.e.1 ~ 27.8.e.2 ~ 27.9.a ~ 27.9.b.1 ~ 27.9.b.2,Centroscymnus coelolepis,https://doi.org/10.17895/ices.advice.21856623.v1,Recruitment,SSB,tonnes,tonnes,  11.15070,F,True,     NA,Combined landings,t,  17.01240,Leafscale gulper shark,t,  11.15070,Portuguese dogfish,t,cyo.27.nea,3367,169091,2023,custom1,custom2,custom3,custom4,custom5
18292,Advice,2020,Portuguese dogfish (Centroscymnus coelolepis. Centrophorus squamosus) in subareas 1–10. 12. and 14 (Northeast Atlantic and adjacent waters),27.1.a ~ 27.1.b ~ 27.10.a.1 ~ 27.10.a.2 ~ 27.10.b ~ 27.12.a.1 ~ 27.12.a.2 ~ 27.12.a.3 ~ 27.12.a.4 ~ 27.12.b ~ 27.12.c ~ 27.14.a ~ 27.14.b.1 ~ 27.14.b.2 ~ 27.2.a.1 ~ 27.2.a.2 ~ 27.2.b.1 ~ 27.2.b.2 ~ 27.3.a ~ 27.3.b.23 ~ 27.3.c.22 ~ 27.3.d.24 ~ 27.3.d.25 ~ 27.3.d.26 ~ 27.3.d.27 ~ 27.3.d.28.1 ~ 27.3.d.28.2 ~ 27.3.d.29 ~ 27.3.d.30 ~ 27.3.d.31 ~ 27.3.d.32 ~ 27.4.a ~ 27.4.b ~ 27.4.c ~ 27.5.a.1 ~ 27.5.a.2 ~ 27.5.b.1.a ~ 27.5.b.1.b ~ 27.5.b.2 ~ 27.6.a ~ 27.6.b.1 ~ 27.6.b.2 ~ 27.7.a ~ 27.7.b ~ 27.7.c.1 ~ 27.7.c.2 ~ 27.7.d ~ 27.7.e ~ 27.7.f ~ 27.7.g ~ 27.7.h ~ 27.7.j.1 ~ 27.7.j.2 ~ 27.7.k.1 ~ 27.7.k.2 ~ 27.8.a ~ 27.8.b ~ 27.8.c ~ 27.8.d.1 ~ 27.8.d.2 ~ 27.8.e.1 ~ 27.8.e.2 ~ 27.9.a ~ 27.9.b.1 ~ 27.9.b.2,Centroscymnus coelolepis,https://doi.org/10.17895/ices.advice.21856623.v1,Recruitment,SSB,tonnes,tonnes,   8.84770,F,True,     NA,Combined landings,t,   4.26900,Leafscale gulper shark,t,   8.84770,Portuguese dogfish,t,cyo.27.nea,3367,169091,2023,custom1,custom2,custom3,custom4,custom5
18292,Advice,2021,Portuguese dogfish (Centroscymnus coelolepis. Centrophorus squamosus) in subareas 1–10. 12. and 14 (Northeast Atlantic and adjacent waters),27.1.a ~ 27.1.b ~ 27.10.a.1 ~ 27.10.a.2 ~ 27.10.b ~ 27.12.a.1 ~ 27.12.a.2 ~ 27.12.a.3 ~ 27.12.a.4 ~ 27.12.b ~ 27.12.c ~ 27.14.a ~ 27.14.b.1 ~ 27.14.b.2 ~ 27.2.a.1 ~ 27.2.a.2 ~ 27.2.b.1 ~ 27.2.b.2 ~ 27.3.a ~ 27.3.b.23 ~ 27.3.c.22 ~ 27.3.d.24 ~ 27.3.d.25 ~ 27.3.d.26 ~ 27.3.d.27 ~ 27.3.d.28.1 ~ 27.3.d.28.2 ~ 27.3.d.29 ~ 27.3.d.30 ~ 27.3.d.31 ~ 27.3.d.32 ~ 27.4.a ~ 27.4.b ~ 27.4.c ~ 27.5.a.1 ~ 27.5.a.2 ~ 27.5.b.1.a ~ 27.5.b.1.b ~ 27.5.b.2 ~ 27.6.a ~ 27.6.b.1 ~ 27.6.b.2 ~ 27.7.a ~ 27.7.b ~ 27.7.c.1 ~ 27.7.c.2 ~ 27.7.d ~ 27.7.e ~ 27.7.f ~ 27.7.g ~ 27.7.h ~ 27.7.j.1 ~ 27.7.j.2 ~ 27.7.k.1 ~ 27.7.k.2 ~ 27.8.a ~ 27.8.b ~ 27.8.c ~ 27.8.d.1 ~ 27.8.d.2 ~ 27.8.e.1 ~ 27.8.e.2 ~ 27.9.a ~ 27.9.b.1 ~ 27.9.b.2,Centroscymnus coelolepis,https://doi.org/10.17895/ices.advice.21856623.v1,Recruitment,SSB,tonnes,tonnes,   0.00000,F,True,     NA,Combined landings,t,   0.05920,Leafscale gulper shark,t,   0.00000,Portuguese dogfish,t,cyo.27.nea,3367,169091,2023,custom1,custom2,custom3,custom4,custom5
18292,Advice,2022,Portuguese dogfish (Centroscymnus coelolepis. Centrophorus squamosus) in subareas 1–10. 12. and 14 (Northeast Atlantic and adjacent waters),27.1.a ~ 27.1.b ~ 27.10.a.1 ~ 27.10.a.2 ~ 27.10.b ~ 27.12.a.1 ~ 27.12.a.2 ~ 27.12.a.3 ~ 27.12.a.4 ~ 27.12.b ~ 27.12.c ~ 27.14.a ~ 27.14.b.1 ~ 27.14.b.2 ~ 27.2.a.1 ~ 27.2.a.2 ~ 27.2.b.1 ~ 27.2.b.2 ~ 27.3.a ~ 27.3.b.23 ~ 27.3.c.22 ~ 27.3.d.24 ~ 27.3.d.25 ~ 27.3.d.26 ~ 27.3.d.27 ~ 27.3.d.28.1 ~ 27.3.d.28.2 ~ 27.3.d.29 ~ 27.3.d.30 ~ 27.3.d.31 ~ 27.3.d.32 ~ 27.4.a ~ 27.4.b ~ 27.4.c ~ 27.5.a.1 ~ 27.5.a.2 ~ 27.5.b.1.a ~ 27.5.b.1.b ~ 27.5.b.2 ~ 27.6.a ~ 27.6.b.1 ~ 27.6.b.2 ~ 27.7.a ~ 27.7.b ~ 27.7.c.1 ~ 27.7.c.2 ~ 27.7.d ~ 27.7.e ~ 27.7.f ~ 27.7.g ~ 27.7.h ~ 27.7.j.1 ~ 27.7.j.2 ~ 27.7.k.1 ~ 27.7.k.2 ~ 27.8.a ~ 27.8.b ~ 27.8.c ~ 27.8.d.1 ~ 27.8.d.2 ~ 27.8.e.1 ~ 27.8.e.2 ~ 27.9.a ~ 27.9.b.1 ~ 27.9.b.2,Centroscymnus coelolepis,https://doi.org/10.17895/ices.advice.21856623.v1,Recruitment,SSB,tonnes,tonnes,   0.00000,F,True,     NA,Combined landings,t,   0.00710,Leafscale gulper shark,t,   0.00000,Portuguese dogfish,t,cyo.27.nea,3367,169091,2023,custom1,custom2,custom3,custom4,custom5
